,position,avg_consult_mins,doctor_speed,time_of_day,day_of_week,actual_wait_time
0,10,8,0.6348694606070007,14,6,64.75668498191406
1,13,10,1.3767859238446498,21,6,262.41539708479024
2,8,30,0.9031933740395668,9,2,274.5707857080283
3,2,15,0.9189323795074178,20,3,39.51409231881897
4,13,30,0.6210350366665763,11,1,291.2654321966243
5,1,10,0.6962845390438689,15,6,20.192251632272196
6,10,20,1.3282073424578003,9,3,344.00570169657027
7,9,15,1.497803828277112,13,5,246.38872975158492
8,12,20,0.9071105397105956,19,6,300.07216653626506
9,12,10,1.2692113858498368,12,0,164.9974801604788
10,9,15,0.8932756282522599,21,1,161.68288871365905
11,9,8,0.9074851469358268,20,3,78.40671669525544
12,10,15,0.814925041772988,17,5,145.05665743559186
13,8,20,0.5670293519159137,19,0,110.57072362360319
14,13,8,0.8297631252726818,20,1,103.55443803403068
15,12,30,0.9151534074002382,17,6,370.63712999709645
16,8,15,1.1123852818671238,14,1,139.0481602333905
17,9,15,1.4899818252014727,18,2,204.12751005260176
18,1,8,0.5417157107076555,13,0,7.5840199499071765
19,10,10,1.3377277933407126,9,4,177.91779651431477
20,13,8,0.7882941193967422,17,2,82.77088253665794
21,14,8,1.09672617833826,16,4,126.1235105088999
22,3,20,0.9480987090194096,9,4,79.6402915576304
23,6,8,0.8069863295413365,12,0,53.26109774972821
24,4,10,0.551558351158229,20,2,34.74817612296843
25,4,10,1.4520149739555888,21,4,75.50477864569062
26,4,10,0.6033809489913502,16,0,27.15214270461076
27,10,10,0.6223639825669811,11,6,85.26386561167641
28,14,10,1.1032861513688021,17,3,175.42249806763954
29,12,15,0.7248155325285149,13,6,151.4864462984596
30,9,8,1.3306785736303395,14,6,122.6885644887173
31,8,10,0.8764692552749372,21,1,90.27633329331853
32,6,8,1.0853513538035235,20,2,72.28440016331466
33,9,30,0.8577838816077394,19,6,309.14531093142926
34,7,30,0.5601335602817678,15,2,128.27058530452481
35,1,15,1.0253903899693155,14,4,20.50780779938631
36,14,8,0.8048130168664754,17,1,98.18718805771
37,13,15,1.451980844209367,14,6,331.77762290184035
38,13,8,1.4063501766717117,19,1,200.82680522872045
39,2,20,0.8629819443961704,12,6,50.05295277497788
40,10,30,0.6852715373456865,19,3,252.1799257432126
41,11,10,0.5669717925378438,12,6,72.00541765230616
42,10,30,0.8606382587987368,19,4,321.87870879072756
43,1,20,0.8615752351267149,20,0,31.87828369968845
44,11,10,1.0322165754938193,13,3,113.54382330432013
45,3,15,1.008486875377392,18,4,47.39888314273742
46,3,30,1.3915510455719833,9,2,168.37767651420998
47,6,20,0.5880160990083083,15,2,72.32598017802192
48,9,30,0.7983851572406776,18,1,218.75753308394567
49,4,15,1.2825198843225092,20,6,124.6609327561479
50,1,15,1.448411486692787,15,4,44.9007560874764
51,11,15,1.1818008001146239,16,6,229.86025562229435
52,14,10,0.9901400378558619,10,4,179.215346851911
53,5,8,1.018470550807264,17,5,62.12670359924311
54,2,8,0.9266617656791242,19,5,35.32434650768822
55,4,30,1.4015497571305193,9,4,224.2479611408831
56,14,8,0.5934179501156598,9,1,88.06322379716391
57,7,30,1.0135873566061746,15,5,249.34248972511895
58,11,8,0.9604108005652306,20,5,127.88830220326611
59,13,30,0.7027513187700422,19,0,341.5371409222405
60,5,8,0.9270162825311932,14,5,40.7887164313725
61,3,8,0.8228019996205734,11,2,29.456311586416525
62,4,10,1.3511965523366047,9,0,82.4229896925329
63,2,20,1.1973227234140822,19,2,69.44471795801677
64,14,8,0.5021165891863504,20,2,73.5098686568817
65,13,8,1.1821549179380098,19,6,171.74346647803407
66,4,20,0.5523048130964032,16,0,53.573566870351115
67,13,20,1.1818442992426845,17,2,309.64320640158337
68,5,15,0.8258799893895885,18,6,68.96097911403064
69,3,10,1.148231059939613,9,3,58.559784056920265
70,8,10,0.7049042864891067,12,1,56.39234291912854
71,3,30,0.7897248802229118,16,5,80.551937782737
72,12,8,0.5672231428538262,15,4,54.453421713967316
73,13,15,0.9318297336010034,12,4,193.82058458900872
74,14,20,1.4039290273114946,21,4,471.72015317666217
75,5,15,0.9288759230230957,12,0,70.59457014975527
76,11,20,1.3976971165884486,17,1,311.68645699922405
77,14,10,1.1402220313700449,19,0,196.1181893956477
78,8,10,1.0443603164512376,15,0,103.39167132867253
79,5,30,0.8139923693243925,18,0,132.68075619987596
80,8,15,0.8561879216747462,18,0,107.02349020934328
81,14,20,0.5608631317672694,9,3,196.3020961185443
82,10,8,0.5724128321536028,14,1,56.09645755105308
83,5,15,1.1529860776247354,15,5,105.49822610266328
84,8,15,1.1115215418584652,12,6,164.50518819505285
85,5,8,1.0732851960503038,16,2,56.8841153906661
86,14,15,0.736279448069355,20,2,189.22381815382423
87,1,10,1.2987212720237171,9,3,23.37698289642691
88,11,20,1.112885191318842,11,4,311.6078535692758
89,9,20,1.312258832012927,10,3,296.57049603492146
90,8,8,1.4923067167751256,10,1,119.08607599865502
91,7,30,0.7283768554962936,11,4,186.46447500705116
92,4,30,0.9448004870947941,10,0,141.72007306421912
93,13,15,1.1133888633601228,15,5,255.52274414114817
94,7,8,1.1068938538080473,21,2,89.87978092921344
95,13,10,0.7658692491693349,20,3,132.49538010629493
96,1,15,1.1297039587070432,13,0,28.24259896767608
97,13,15,0.8526117491743622,19,1,210.59510204606747
98,14,10,1.3653168739869739,10,2,243.02640356968135
99,6,20,0.6832312276427285,15,5,90.18652204884016
100,13,8,1.478033104523198,9,1,197.76082938520392
101,6,20,1.2520435382873936,11,6,212.09617538588446
102,13,30,1.2186185408999743,12,0,498.4149832280895
103,5,15,1.408649195026479,9,5,157.76870984296565
104,3,30,1.4546382745838962,19,5,193.17596286474142
105,1,8,1.0966550252809213,11,1,28.074368647191587
106,12,20,1.2689339752722464,15,4,326.11603164496734
107,5,8,0.8830946395632173,13,6,43.27163733859765
108,14,30,1.4558136283734084,11,1,757.0230867541724
109,10,15,0.9442095987855887,15,1,150.12932620690862
110,6,15,1.4340180002592247,19,3,170.64814203084774
111,5,20,1.0827061801598747,10,0,143.99992196126334
112,3,8,1.3373757859408693,10,1,55.902307852328335
113,3,8,1.0169477114752072,17,1,34.57622219015705
114,12,30,1.210750893551425,19,1,523.0443860142157
115,5,10,1.4888904190011334,13,1,90.82231555906914
116,4,30,0.6228686845962723,16,4,75.98997952074522
117,6,20,0.6352837994627291,15,4,80.6810425317666
118,2,10,1.2608829072943117,16,3,40.348253033417976
119,8,10,0.6536075129494501,20,6,72.94259844515862
120,5,20,0.867542882482018,17,0,87.62183113068383
121,4,15,1.3034289408030324,15,6,92.5434547970153
122,9,10,1.1236860343352197,15,4,122.48177774253895
123,1,10,0.502276816496042,13,6,13.561474045393133
124,12,30,0.9162437498043072,9,3,410.47719991232964
125,14,30,0.9592462721472644,18,1,408.63891193473467
126,7,10,1.158051567694379,21,1,100.75048638941098
127,3,20,0.9236540559994669,13,0,58.19020552796642
128,4,15,0.631908108595363,19,2,48.025016253247585
129,12,10,1.466954615525247,14,3,178.96846309408014
130,10,15,1.2568667328849343,17,2,192.30061013139496
131,11,20,1.2381076276341534,17,5,300.8601535150993
132,9,8,1.3879800518546155,21,3,139.3531972062034
133,6,15,1.2060603326293229,10,4,130.25451592396686
134,10,20,1.2989439571473047,20,1,328.6328211582681
135,4,8,0.6982613823540625,9,5,42.76152705536279
136,10,15,1.0351726633967062,11,2,192.54211539178735
137,8,10,0.6043239399190624,12,0,51.36753489312031
138,12,30,0.9570548979148114,12,3,352.1962024326506
139,11,30,1.0927809735958656,21,2,434.9268274911545
140,11,15,1.0477159957068571,10,6,236.57427183060835
141,11,30,1.2258179651709993,13,6,449.87519321775676
142,11,8,0.6350679470842946,11,0,75.95412647128163
143,12,10,0.6365379744409755,14,4,77.657632881799
144,1,10,0.9580301530048086,12,0,16.286512601081746
145,14,20,0.8620683787552185,14,3,245.68948794523726
146,5,8,0.9664546985064548,12,0,41.557552035777555
147,12,30,1.1243631271288477,14,4,405.895088893514
148,3,30,1.4595314618797934,18,5,169.30564957805603
149,6,8,1.062724727221378,9,2,63.33839374239413
150,1,30,1.2946872352842262,14,5,51.78748941136905
151,8,30,0.8072128625409376,20,4,235.7061558619538
152,6,8,0.8818600909008225,15,1,42.32928436323948
153,9,20,0.6237821183366862,15,3,114.77590977395026
154,3,20,1.429579595697743,12,3,107.21846967733073
155,1,30,1.3084963451131801,10,1,69.35030629099855
156,7,8,0.7323581829460087,11,0,61.664559004053935
157,1,30,0.8253489550146659,15,0,24.760468650439975
158,13,8,1.2811086242918104,16,4,151.17081766643363
159,9,20,1.2683665003764935,18,4,243.52636807228674
160,1,10,1.0444808794789409,15,4,18.800655830620936
161,7,30,0.5113362936749054,16,5,120.67536530727767
162,5,30,0.7808795260776363,20,6,159.2994233198378
163,1,20,0.7641250050317603,13,2,16.046625105666966
164,8,30,0.7739947157692889,21,4,230.6504252992481
165,14,8,0.501045680662465,19,0,76.86040741362214
166,8,30,0.8760493135530055,16,5,241.78961054062952
167,4,15,1.1562207571904586,21,5,112.38465759891258
168,11,15,0.5870700471960798,13,1,102.73725825931396
169,1,10,0.9258780988923341,10,2,23.146952472308353
170,4,10,1.3899162665453129,11,1,68.10589706072032
171,8,20,0.5593061141096185,10,0,114.65775339247179
172,9,30,0.6266920884292371,20,1,204.3016208279313
173,9,8,0.6870249920570725,15,5,57.847504331205506
174,7,20,1.4778177454319508,21,1,273.3962829049109
175,12,15,1.1766126753706807,12,4,221.203182969688
176,11,8,0.6490849271713065,9,2,73.08696279948911
177,12,10,1.0098659937740992,15,3,139.3615071408257
178,14,30,1.1394088772425235,17,3,487.6669994598001
179,6,8,1.0393706625735524,12,6,61.114994959324875
180,13,20,1.0390788917179146,21,4,325.23169310770726
181,14,30,0.8325999018551083,17,1,349.6919587791455
182,13,10,1.2179707095334136,14,6,185.13154784907886
183,14,15,1.3461054174986704,10,3,341.91077604466227
184,6,30,0.5013139156149912,19,0,108.2838057728381
185,4,30,0.9036093860419094,12,4,117.46922018544822
186,6,10,0.9366259426811182,13,6,76.80332729985169
187,4,10,0.7362283689671117,18,2,35.338961710421366
188,1,20,1.0450980368331,15,2,33.4431371786592
189,14,30,1.388589401454861,19,2,701.2376477347048
190,10,20,1.3647736771916108,21,2,335.73432458913624
191,3,8,0.8871008220668067,12,5,27.85496581289773
192,11,10,1.0480065705405939,10,2,153.0089592989267
193,14,8,1.13038674130914,18,2,134.51602221578764
194,7,20,0.7050152442881984,19,4,131.8378506818931
195,14,30,1.4703453115356817,17,5,702.8250589140558
196,13,10,1.0012982168613818,20,6,189.846141916918
197,7,8,0.5785364496816147,17,3,34.71218698089688
198,13,8,1.1027810409642163,14,0,130.1281628337775
199,5,15,0.581605208382153,10,0,61.068546880126064
200,5,8,1.4671487899333753,20,0,90.96322497586927
201,4,10,1.4048496812943703,17,3,63.21823565824666
202,5,15,0.5646186689161442,19,1,53.6387735470337
203,12,30,1.238580984608138,13,3,454.55922135118664
204,14,15,1.2223390530019507,19,5,349.83343696915824
205,7,10,1.3730309880830474,19,4,133.1840058440556
206,5,20,1.4630407873453906,13,4,152.15624188392061
207,6,10,1.2314389249315778,19,1,94.82079721973149
208,3,20,1.1217887604973256,15,5,87.49952331879139
209,6,30,1.3021574456706562,20,1,292.9854252758976
210,8,30,1.4196365752544766,16,0,346.3913243620923
211,10,20,1.1494259387731143,14,3,249.4254287137658
212,4,10,1.4968184776155107,15,2,59.87273910462043
213,9,10,1.0124275239883627,10,6,138.50008528160802
214,12,10,1.2691144961978553,12,4,154.83196853613836
215,7,15,1.1009284604653597,17,0,122.20305911165494
216,2,20,0.6707547771494503,15,4,28.842455417426365
217,14,15,0.5909909118121743,11,3,151.29367342391663
218,7,30,1.161302834628564,19,1,307.74525117656947
219,7,30,1.1561810695546229,16,2,242.7980246064708
220,2,30,0.8969884225443019,13,3,58.304247465379625
221,2,15,1.1219515432708225,15,5,53.85367407699948
222,8,8,1.1740738638216164,14,6,103.7881295618309
223,13,20,1.1672600996715903,18,3,322.16378750935894
224,9,15,0.6343007504891142,21,5,116.20389748960571
225,6,8,1.4068050550053672,14,0,90.0355235203435
226,3,20,1.369035827867275,11,5,134.4393182965664
227,9,30,1.3610028049083416,15,3,383.80279098415235
228,13,8,1.2727050278967815,13,2,145.0883731802331
229,10,30,1.2183719348514743,15,4,385.0055314130659
230,13,20,1.018818846062329,21,2,328.05966843206994
231,11,10,1.1452445702931846,11,1,167.20570726280496
232,7,8,1.46554585275973,14,1,109.91593895697976
233,2,10,1.4129461616840202,18,3,40.97543868883658
234,12,15,1.1068676521585097,13,6,234.65594225760407
235,11,30,0.9185110972802591,11,2,371.0784833012247
236,1,10,0.9051231242477269,9,1,18.102462484954536
237,12,15,1.4831925743349634,18,5,315.92001833334723
238,11,15,1.3489453864324326,20,1,292.72114885583784
239,9,8,0.8073659636675631,20,0,81.8669087158909
240,13,15,0.7700715390609184,19,1,188.667527069925
241,9,8,0.6063567051739339,16,4,49.72124982426258
242,3,10,0.9686845512464023,17,2,38.74738204985609
243,14,30,0.5499766150907965,19,6,307.10694186670077
244,12,20,1.244221125642818,15,0,302.34573353120476
245,4,10,0.8063525234760678,17,2,42.73668374423159
246,11,30,1.4437433752079094,18,3,495.2039776963129
247,2,20,0.6348903160323439,12,6,33.649186749714225
248,5,15,1.3301098591105427,10,1,140.99164506571753
249,11,15,0.9115306679392321,14,1,165.89858156494023
250,13,20,0.5688126905515436,17,3,156.99230259222603
251,11,10,1.49115792672908,9,2,207.27095181534213
252,9,15,1.256510291544803,10,3,218.63279072879573
253,6,30,1.4794469895649067,17,5,309.2044208190655
254,11,30,0.7485355740639652,15,6,285.9405892924347
255,2,15,1.0569701144091885,16,0,36.9939540043216
256,12,10,0.9864123277692767,19,6,170.0574853074233
257,9,10,1.1985085213050177,12,2,128.2404117796369
258,7,30,1.2981708363735882,17,4,279.10672982032145
259,5,30,1.387560965789043,13,6,231.72268128677018
260,12,20,1.0611786354930777,15,0,261.0499443312971
261,3,8,1.2924400271178542,11,6,49.9915802489186
262,13,10,0.630260658366426,15,2,88.23649217129963
263,3,20,0.8835811721180952,12,4,60.967100876148564
264,13,20,1.3339963330168274,19,1,420.2088449003006
265,9,30,0.8699171256070573,11,1,281.85314869668656
266,4,15,0.5305779099578314,11,4,41.38507697671085
267,6,30,0.5933974041612888,17,4,115.71249381145132
268,4,30,0.7894513381228206,13,0,99.4708686034754
269,7,10,1.340061141420931,10,1,116.58531930362099
270,2,15,1.3745605437731094,14,6,53.60786120715127
271,4,15,1.1669322968424374,12,4,84.0191253726555
272,7,10,0.845385870816483,12,6,74.3939566318505
273,4,20,0.7729393956919036,20,3,85.7962729218013
274,3,8,0.8881956605746851,20,1,39.791165593745895
275,2,10,1.1589832185009894,11,2,38.24644621053265
276,14,8,1.40935978157134,14,4,181.80741182270285
277,7,20,0.8468047541361451,14,6,132.94834639937477
278,11,15,1.1072319231787175,10,4,219.23192078938607
279,4,15,0.9548865751109912,16,5,76.39092600887929
280,11,8,0.9641539603580095,14,2,91.5946262340109
281,5,8,1.4274252956774913,15,6,72.79869007955206
282,14,15,1.380125114674993,10,4,372.6337809622481
283,8,10,1.0711650696409267,13,0,104.97417682481083
284,11,10,0.844948883713574,14,2,96.32417274334743
285,14,15,1.1816026859024125,13,4,265.8606043280428
286,2,10,1.11052881272189,15,3,42.20009488343182
287,7,15,0.5985663134799567,20,5,83.55985736180195
288,3,10,1.1471818118082835,9,4,58.50627240222246
289,11,15,0.5077279647391392,10,1,105.09968870100181
290,7,8,0.8869216765328823,16,1,58.536830651170234
291,10,30,0.6263254731643574,14,5,214.20331182221022
292,4,15,0.6587594866153366,18,0,50.065720982765576
293,9,8,0.5834230449385385,15,3,53.091497089407
294,12,20,0.9868840891516031,11,2,290.1439222105713
295,5,30,0.5953978228210098,19,3,107.76700593060278
296,14,30,0.5087496038935148,12,1,221.30607769367893
297,1,10,0.5486394156185425,15,3,7.132312403041052
298,14,10,0.8441186019874954,10,3,148.5648739497992
299,6,20,1.247978569861743,17,2,159.7412569423031
300,10,20,1.472787624577597,20,2,356.4146051477785
301,13,15,1.2603895906492752,20,0,315.0973976623188
302,4,15,0.9975969182424865,16,3,69.83178427697406
303,3,8,0.9588366330235415,14,4,27.806262357682705
304,12,20,0.7785143513418691,15,0,188.40047302473232
305,1,20,1.038148374732487,15,2,23.8774126188472
306,2,8,0.8452312263018298,13,3,24.511705562753065
307,10,20,1.0149726169223947,12,2,217.20414002139248
308,12,8,0.9932805012009456,9,2,119.39231624435367
309,2,20,1.0615190056202568,10,2,60.506583320354636
310,14,20,1.2606091395163315,16,1,363.05543218070346
311,2,8,0.538619359673624,14,6,9.479700730255782
312,4,30,1.0500353155924405,14,0,138.60466165820213
313,2,10,0.725930310684083,14,4,28.311282116679237
314,14,8,0.6127366434318304,15,0,75.97934378554697
315,10,20,0.5264107113740224,15,4,108.44060654304862
316,13,30,0.9989612942546928,21,5,522.2569646363534
317,3,30,1.0592045863150663,20,0,132.4005732893833
318,7,8,1.4589682422631882,18,2,96.29190398937043
319,1,30,1.269345201249799,21,0,64.73660526373975
320,5,10,0.5577236103314498,19,1,38.48292911287004
321,7,10,1.267890095719519,14,4,96.35964727468344
322,4,8,0.9193758536939082,15,0,35.855658294062415
323,6,8,1.347391929237392,10,5,92.10771228266812
324,11,10,0.9126197355889346,19,1,126.85414324686191
325,14,30,0.8259463975935125,10,6,463.68630760899794
326,5,10,0.9881242282764214,19,3,75.09744134900802
327,5,10,0.7468186106289617,9,4,47.049572469624586
328,13,15,1.3501660277353698,14,1,280.83453376895693
329,10,15,1.4612391420072173,16,5,257.17808899327025
330,1,20,0.6866338571509105,9,5,19.500401543085857
331,9,30,1.0593329558902016,17,0,286.01989809035445
332,12,15,0.7383292898662874,18,5,157.26413874151922
333,8,30,1.0741602307203473,20,2,317.9514282932228
334,5,20,0.67766019160919,16,5,74.5426210770109
335,10,30,1.1894966704723666,17,0,367.5544711759613
336,6,8,0.5031337034166744,13,3,25.659818874250394
337,8,20,1.3241167885663758,17,3,215.83103653631926
338,12,10,1.2508088938340354,11,4,191.37376075660742
339,14,8,1.3638981377604629,14,0,178.67065604662065
340,4,15,1.0250611520743451,15,6,86.10513677424498
341,9,15,0.9897119334984483,11,6,189.23292168490332
342,7,10,1.058515084823484,18,4,84.68120678587873
343,14,15,0.5613334049064841,15,6,134.72001717755617
344,3,30,1.240790877061868,11,3,140.20936910799108
345,10,8,0.9002667630667833,16,1,88.22614278054476
346,14,10,1.4230519112419788,18,0,213.45778668629683
347,7,30,0.7910942695459302,12,2,171.66745649146685
348,1,10,0.6053822583214918,12,2,10.896880649786853
349,4,30,1.1070060881941424,17,6,158.30187061176235
350,7,20,0.6149184196771077,19,1,109.45547870252517
351,3,8,1.1168426940235867,13,3,31.271595432660426
352,4,20,0.8260570686534002,16,6,78.47542152207302
353,4,20,0.6311803867165594,19,4,72.58574447240433
354,2,10,0.5064742184215468,12,4,18.739546081597233
355,7,15,0.9208168453226412,11,3,132.59762572646034
356,8,20,0.7276337138454843,19,4,148.43727762447878
357,11,20,1.1492616504955924,19,5,340.64115320689353
358,11,15,1.2836071168524146,21,2,266.99028030530224
359,13,8,0.7492692804469464,12,2,91.41085221452747
360,13,15,0.6330286416887343,12,1,129.1378429045018
361,5,30,1.0775838414577614,16,2,182.11166920636168
362,1,20,1.3103332608204956,12,6,47.17199738953784
363,13,8,1.4600746326936385,19,1,207.03858291595796
364,9,30,1.034038126618599,13,0,291.5987517064449
365,9,15,0.9889197945708756,20,6,177.2144271871009
366,10,10,1.3553088911661315,21,6,192.45386254559068
367,13,10,0.9403103762144709,13,4,126.94190078895357
368,11,30,1.1277832513814525,14,4,373.2962562072608
369,2,8,1.3725791180020015,11,3,29.098677301642432
370,9,15,1.2189504769416277,16,0,171.8720172487695
371,11,8,1.1662281206309035,16,1,114.29035582182854
372,13,8,1.0841126029378532,10,1,146.1383788760226
373,5,20,0.5916336812601529,21,6,79.2789132888605
374,8,15,1.3565156366222306,12,6,203.47734549333458
375,7,8,0.703448672589541,13,3,42.20692035537246
376,2,8,0.7610095269327665,19,1,16.894411497907416
377,1,20,1.1163667523513874,9,5,38.40301628088773
378,6,20,0.9584256298557726,19,0,141.84699321865435
379,14,20,1.3335779259965066,9,5,503.5590248562809
380,8,15,0.554866811165268,17,6,82.67515486362494
381,8,8,1.385924063887853,21,1,106.4389681065871
382,5,8,1.225770128006122,16,6,53.933885632269366
383,2,15,1.1550384519665036,20,1,42.73642272276063
384,7,15,1.3826246627054792,21,6,206.8406495407397
385,6,15,0.8410296385172311,15,2,83.26193421320588
386,1,15,0.7428809357653453,14,1,20.05778526566432
387,14,15,1.2085974567247864,18,3,262.26564810927863
388,8,20,0.7745889791341831,12,0,130.13094849454276
389,1,15,0.9155896117066891,14,2,19.22738184584047
390,14,8,0.7942347307365033,16,2,104.04474972648194
391,13,30,1.2405270082287305,20,1,595.4529639497906
392,12,15,0.7195242194728915,11,6,178.8737209609608
393,4,15,1.3772133750382778,13,3,99.159363002756
394,12,30,0.8032594231802791,21,5,384.11865616480947
395,3,8,0.6587702638679415,19,5,29.433855389619623
396,5,15,0.7251644633347214,13,1,54.3873347501041
397,3,10,0.7537118024650954,19,2,34.670742913394385
398,11,30,0.8940803108485037,13,3,296.8346632017032
399,10,20,0.8667382706827597,13,1,182.01503684337953
400,7,8,1.1252276462276427,15,1,63.01274818874799
401,13,20,1.0194343640810146,16,5,294.6165312194132
402,14,20,0.6891207862856498,16,4,201.22326959540973
403,3,15,1.0716730142398945,13,1,57.8703427689543
404,6,8,0.9810788900883549,11,0,70.24524853032621
405,3,30,1.3027698429906813,15,4,123.76313508411472
406,2,20,0.568543082596185,17,5,35.24967112096347
407,9,10,1.3486112667523984,20,6,162.91224102368972
408,11,10,1.295619810415473,16,3,146.40503857694844
409,4,30,0.6776069507603022,21,2,102.31864956480563
410,14,20,0.673908956736745,19,2,232.49859007417703
411,8,15,1.2455981849191184,15,5,165.66455859424275
412,12,10,0.5002532924844901,9,4,75.53824716515801
413,13,10,0.9935674977186558,20,3,167.91290711445282
414,5,30,0.9242437709707539,13,0,145.10627204240836
415,9,10,1.2364194925729037,11,6,146.88663571766097
416,8,8,1.1261788313631333,17,4,79.95869702678247
417,3,10,0.5693916390613133,18,5,29.03897359212698
418,8,15,1.3761186452494778,9,0,220.17898323991645
419,5,8,0.8647817543393066,20,1,51.8869052603584
420,9,20,0.5063354748760104,17,4,92.6593919023099
421,10,15,0.9223947609340971,9,6,189.0909259914899
422,4,15,0.86643278977801,14,6,67.58175760268477
423,11,15,0.8376346558141962,15,6,155.38122865353338
424,1,30,1.459848829112579,9,5,75.32819958220908
425,7,30,0.5325742670544025,9,1,139.00188370119903
426,4,10,1.1908456218152343,21,2,61.92397233439219
427,2,20,0.7661242940386016,21,3,40.60458758404589
428,1,15,0.6418123566607706,9,2,17.328933629840808
429,8,20,0.8286133539751654,13,6,149.97901706950495
430,9,15,1.3583066469528808,11,2,229.55382333503687
431,1,15,0.9219162087995494,9,4,20.282156593590088
432,3,15,1.144420958296298,13,0,66.37641558118528
433,12,20,0.8184772768016964,20,3,247.1801375941123
434,12,10,0.6122740387645772,11,6,106.16831832177769
435,9,15,1.3804937658522813,19,4,227.78147136562643
436,11,15,0.7698422129691572,11,2,160.89702251055385
437,13,10,0.7070015963580458,12,0,94.0312123156201
438,3,30,1.4875516769755623,9,4,172.55599452916522
439,3,10,1.2830062276924412,21,3,64.15031138462206
440,10,15,1.106529398428747,10,5,219.0928208888919
441,4,30,0.612247390766203,11,6,105.55145016809341
442,4,8,1.3671201258871974,14,4,43.74784402839032
443,10,20,1.1061381532401526,17,6,262.1547423179162
444,14,10,0.8231574339077788,9,3,138.29044889650686
445,4,20,0.7723772124124665,20,4,78.01009845365911
446,11,10,1.1140641599310226,14,6,149.28459743075703
447,3,20,1.4920830762486186,15,6,98.47748303240883
448,2,30,0.8256216020339294,15,1,64.39848495864649
449,3,20,1.181354585825277,14,4,92.14565769437161
450,1,10,0.9339938468162898,19,5,17.932681858872765
451,11,8,1.3893337202268419,18,4,131.98670342154998
452,7,8,0.8101649674612353,10,3,69.83622019515849
453,13,15,0.5703510878418514,16,1,120.34407953463065
454,9,30,0.5162222012161558,21,5,191.72492553168024
455,5,30,1.1888604569507932,14,1,200.91741722468404
456,9,10,1.138962588702715,19,4,144.6482487652448
457,8,20,1.4177433098916765,13,5,252.35830916071842
458,1,20,0.9841931070096563,13,5,21.65224835421244
459,12,10,1.25376810534526,14,5,186.81144769644374
460,10,8,0.6774546973893336,18,1,61.64837746242936
461,4,8,0.544753010071912,9,4,22.008021606905245
462,13,8,1.1319395721169787,16,6,138.5494036271182
463,3,20,0.6194896953350266,18,6,51.41764471280721
464,4,20,0.5500773523105614,15,2,48.406807003329405
465,5,8,1.4434813539992453,15,2,85.16539988595547
466,13,30,1.2327399546629771,18,1,488.1650220465389
467,14,20,0.9238264219173926,21,1,327.03455335875697
468,6,8,0.723812522361048,9,4,47.48210146688474
469,6,15,1.354811353957971,9,6,165.01602291208084
470,10,15,0.8973042036666734,17,4,136.39023895733436
471,3,30,0.53414916515049,17,6,58.222259001403415
472,3,10,1.0789347249591248,20,6,52.436227633013466
473,12,8,1.2136980152196504,13,4,138.36157373504014
474,1,30,1.0925153655805933,9,4,39.33055316090136
475,12,20,0.7383726558847646,11,0,225.94203270073797
476,4,15,0.6187109747258405,13,1,47.02203407916387
477,3,15,0.8154708570159367,18,3,48.9282514209562
478,11,30,0.526890832181124,20,4,214.9714595298986
479,2,30,1.4322040070138873,21,2,107.41530052604155
480,1,8,1.392968219902682,14,2,20.894523298540232
481,3,15,0.6794726977026213,9,2,38.72994376904941
482,2,8,0.6813788321488964,15,4,14.99033430727572
483,13,20,0.5268569864834175,17,0,141.1976723775559
484,3,20,0.9784280458139599,20,2,89.03695216907035
485,9,30,1.4883404821302086,19,6,548.3046336167688
486,5,8,1.0988724111508184,9,1,71.4267067248032
487,11,8,1.2822402927966001,12,5,144.6367050274565
488,6,10,0.7644394518134555,18,5,64.21291395233027
489,1,15,1.3712603334524012,20,5,38.12103726997675
490,8,30,0.8249113853721416,14,6,232.62501067494392
491,11,8,0.8581560232548201,18,3,86.67375834873683
492,7,15,0.7445201690392974,11,1,98.27666231318726
493,4,10,1.1353435563814056,12,3,45.413742255256224
494,14,15,0.8984488414217344,12,5,220.11996614832492
495,11,8,1.1495615789983096,13,2,104.61010368884617
496,12,30,1.0293242849635404,15,3,382.90863400643707
497,14,30,0.6226095014568565,15,3,262.1186001133366
498,2,10,1.1705169672612143,13,2,36.286025985097645
499,4,30,0.8515759288148079,15,1,107.2985670306658
500,3,10,1.332307692320236,12,4,61.286153846730855
501,10,30,1.4996342721761877,14,1,452.8895501972087
502,12,30,0.9793152138384297,12,6,406.41581374294833
503,12,8,1.4281536458028603,14,5,155.09748593419062
504,7,20,0.5040127181569832,14,3,72.57783141460558
505,10,8,1.3898382695109055,19,5,164.83481876399338
506,7,30,1.0749959247536416,12,3,237.5740993705548
507,11,10,1.1593629837612958,15,3,136.8048320838329
508,8,20,0.8007589632382939,12,5,149.74192612556095
509,9,30,0.5963462248253341,15,6,186.06002214550423
510,11,15,0.5092641225734424,19,2,103.38061688240882
511,8,30,1.2983841684361448,16,3,319.40250543529163
512,9,8,0.8014145903635927,14,2,64.91458181945102
513,10,10,0.8487660331272718,9,1,103.54945604152716
514,10,30,0.7682325811817812,19,4,285.0142876184408
515,7,10,0.9781351552397467,20,6,93.31409380987184
516,10,30,1.4147879262652276,19,4,517.8123810130733
517,8,30,0.7978015355664378,16,5,221.78882688746972
518,14,10,0.6130582215606944,17,6,102.38072300063597
519,9,8,1.025588572767822,13,4,90.25179440356834
520,9,20,1.2482654699242388,11,6,317.8083886427112
521,7,15,0.7799530605754527,17,5,99.44401522337022
522,3,15,0.5225202173826151,10,1,28.738611956043833
523,1,10,0.6813781569233742,16,4,16.35307576616098
524,5,20,1.2520297198638177,12,3,130.21109086583704
525,4,8,1.330145092145391,17,1,51.87565859367025
526,13,20,0.982408100159483,13,6,298.6520624484828
527,10,8,1.1524571078244716,10,3,121.00799632156952
528,5,30,0.9683621556907791,19,0,178.17863664710336
529,7,20,0.5236272129950665,12,4,81.16221801423531
530,14,20,1.0431457519515568,18,6,335.8929321284013
531,13,10,0.6304397699859086,9,6,113.22698268946917
532,13,10,0.5014773346212756,15,2,66.19500817000838
533,3,10,0.8787506308275956,13,2,40.4225290180694
534,14,30,1.1161891848963683,14,4,479.96134950543836
535,12,10,1.2664535166339104,14,6,178.56994584538137
536,1,10,1.3141460156324651,11,4,32.85365039081163
537,13,10,1.0163799226449033,20,2,173.80096677227846
538,5,15,0.6309750105070681,12,1,47.323125788030104
539,14,10,1.2717252288938063,20,3,221.2801898275223
540,13,8,0.746638176399502,21,2,100.64682617865289
541,3,8,0.5108658519842847,19,0,22.375924316911668
542,10,10,1.2273524708938681,9,5,162.0105261579906
543,9,20,0.5424005835336394,20,3,120.95533012800159
544,9,10,0.8820003072064446,20,5,120.65764202584164
545,8,8,0.8390172584395894,20,3,77.86080158319389
546,13,20,1.3416020524912422,18,4,360.89095212014416
547,12,30,1.2787372312553034,19,4,575.4317540648865
548,3,10,1.07240105455814,17,4,48.2580474551163
549,9,15,0.540005271181552,15,1,77.76075905014348
550,2,8,0.6893254443703114,17,4,13.097183443035917
551,7,15,0.9924180842553798,9,0,131.99160520596553
552,1,10,0.9370800890257751,10,4,27.17532258174748
553,12,15,0.9512821158807085,9,2,218.79488665256298
554,10,8,1.0287202536521702,21,2,115.21666840904307
555,9,30,1.1064124089376415,19,3,361.79685772260876
556,8,30,1.268432792748969,11,3,383.0667034101886
557,14,30,1.3882363841826133,9,3,701.0593740122197
558,1,20,0.7700311147990527,11,3,19.250777869976318
559,3,15,0.7508639437354573,21,4,45.05183662412744
560,6,8,1.1132267598132957,14,5,68.79741375646167
561,6,10,0.9944719862095011,11,5,89.70137315609699
562,14,30,0.5321031482726064,16,2,227.20804431240293
563,4,15,1.2732350877080911,13,6,86.5799859641502
564,8,15,1.4044555541244583,17,5,191.00595536092632
565,12,10,1.0063377596168315,19,5,166.44826544062394
566,10,30,0.8751518751778757,19,2,317.6801306895689
567,13,15,1.1488836820702386,18,5,267.1154560813305
568,4,30,0.7033275865617964,15,5,97.7625345320897
569,13,30,1.1932300494421533,10,0,575.1368838311179
570,6,10,0.559590151645412,21,0,46.4459825865692
571,13,30,0.7993924577986772,9,1,375.7144551653783
572,5,20,0.8304697502692573,14,1,95.5040212809646
573,12,15,0.557505381540099,13,4,102.5809902033782
574,10,20,1.0843950365102777,11,4,260.25480876246667
575,2,8,0.9719453037911299,12,6,18.078182650515018
576,3,10,1.0125131135423238,13,3,36.45047208752366
577,12,20,0.8101628218855348,17,5,228.4659157717208
578,1,15,0.8595004713849015,19,3,25.785014141547045
579,10,30,1.1972103742037654,12,0,366.3463745063522
580,8,30,0.5837245031816449,10,0,175.11735095449347
581,9,8,1.1943488072797006,11,1,124.69001548000075
582,12,30,1.2361337992609065,15,4,453.6611043287527
583,14,20,1.1797227598237172,18,2,337.40070930958314
584,3,8,0.6336744735751009,17,4,25.980653416579134
585,9,30,0.795485181437055,21,3,267.2830209628505
586,13,30,0.8729105710232419,21,2,420.7428952332026
587,3,10,1.3117735832821,16,0,41.9767546650272
588,1,10,1.4407982305698241,17,5,43.22394691709472
589,8,8,1.4657068864349105,13,2,101.13377516400882
590,1,10,1.398582924459377,17,2,30.768824338106295
591,7,8,0.9066198978254956,9,1,61.8314770316988
592,3,8,1.1501303597846833,17,6,43.014875455947156
593,6,20,0.885447830079432,19,5,142.91127977482031
594,7,15,0.7356357399189241,15,0,91.21883174994659
595,10,30,1.0981700538348171,10,5,449.1515520184402
596,7,20,0.7324934067606682,11,4,129.65133299663827
597,8,8,1.0450935602376146,10,4,93.84940170933778
598,3,30,0.7948933632999365,16,1,74.71997615019403
599,5,10,0.5252435432607152,14,4,28.363151336078623
600,9,30,0.7389936817368865,17,3,209.1352119315389
601,3,20,0.8691406405603257,9,5,74.05078257573975
602,14,8,0.897435927666815,10,2,136.7692353764226
603,3,15,0.588162302016072,19,3,42.347685745157186
604,5,30,1.244788111443194,10,5,252.6919866229684
605,1,15,1.3136141732306694,15,3,36.78119685045874
606,1,8,1.2339334665890087,21,2,21.717229011966555
607,12,20,1.07988404792917,20,5,356.1457590070403
608,7,15,1.4566595547268344,16,4,176.25580612194696
609,7,8,0.7454169105876486,9,6,63.30080404710312
610,14,10,0.5710467237980865,12,6,89.65433563629958
611,14,8,1.3866846269829216,19,0,203.01062939029973
612,12,20,0.7837597693959841,19,3,228.07409289423137
613,5,30,0.6409933131594517,14,4,104.48191004499063
614,8,30,1.4520215672820456,17,2,365.9094349550755
615,6,30,1.0561891744448628,18,6,210.1816457145277
616,11,15,0.886308019559123,18,6,162.63752158909907
617,8,10,0.7325310176102614,17,5,73.9856327786364
618,8,15,1.26914888090359,14,1,156.10531235114158
619,2,8,1.2262153683765087,21,5,25.897668580111866
620,12,10,0.7393256656783936,11,4,116.8134551771862
621,9,8,1.3528004446184796,19,4,129.05716241660295
622,3,30,1.1059900357864727,16,2,108.38702350707433
623,2,30,1.2214991959840025,13,5,83.06194532691217
624,5,8,0.8974696399091271,14,4,48.46336055509286
625,8,30,0.7136540523378374,21,2,208.38698328264852
626,9,10,0.7770320042026879,20,0,83.91945645389029
627,4,8,0.6624413285805953,11,2,27.425071003236646
628,4,15,0.677630265826763,16,5,46.07885807621989
629,5,15,0.5040225995154715,9,3,47.88214695396979
630,5,8,1.2269202570190663,15,1,69.93445465008678
631,1,15,0.7885700703935691,19,0,29.177092604562056
632,13,30,1.2872828252111175,16,1,512.3385644340248
633,13,30,0.9733462806545734,20,5,512.7588206488292
634,13,15,1.0247796096865338,19,4,240.82320827633544
635,7,8,0.8042165400646256,20,1,63.69394997311835
636,8,15,0.6480107632086064,19,5,112.36506634037235
637,14,30,0.6808672916883819,15,2,290.04946625925066
638,3,30,1.372746634684435,14,1,142.76565000718125
639,6,20,1.0415594509732564,11,3,155.1923581950152
640,5,10,1.046586164045852,9,3,70.12127299107209
641,2,30,1.4086861698113546,10,2,118.32963826415379
642,12,8,1.2335112248694347,20,1,163.07018392773924
643,13,15,1.3001004627790351,15,2,263.9203939441441
644,3,8,1.445821178595184,19,6,60.26182672384727
645,10,15,0.8792610227860083,19,5,179.3692486483457
646,1,10,1.1587161959369823,14,0,23.174323918739645
647,9,10,1.2763130868677135,17,2,135.28918720797762
648,12,10,0.9900491282281301,12,6,149.49741836244763
649,11,10,1.4588457785168116,21,3,204.23840899235364
650,12,8,0.7903085975788503,10,1,94.99509342897781
651,5,8,1.3777097083369798,16,5,75.77403395853389
652,13,30,0.8338767517770231,10,0,403.5963478600792
653,9,20,1.275219570787437,16,1,252.4934750159125
654,10,15,1.3046915176711353,16,3,219.18817496875073
655,8,10,0.8725506957010035,20,4,84.63741748299734
656,13,10,1.3848621396266596,18,4,185.57152670997237
657,3,30,0.6215815622097418,15,2,60.914993096554696
658,12,20,1.0832776484578774,17,0,268.6528568175536
659,11,30,1.3023873015343037,16,3,451.9283936324034
660,9,15,1.461259831263881,16,3,222.1114943521099
661,9,20,0.5066989946539359,14,2,93.73931401097813
662,2,15,1.1422091979556774,14,6,59.39487829369523
663,11,30,0.8898061213140981,20,2,368.3797342240366
664,9,20,0.9540712566862606,15,2,171.7328262035269
665,6,20,0.5998821899469295,16,3,75.58515593331312
666,14,10,0.9838052183482707,10,1,178.068744521037
667,3,8,1.000912460955452,16,0,32.029198750574466
668,11,10,1.4162718741201359,13,4,174.20144051677673
669,6,30,1.2810961309686975,16,0,249.813745538896
670,4,10,1.3861703870444386,13,5,85.9425639967552
671,4,30,0.5893144383449125,17,4,77.78950586152845
672,7,8,0.9670601238752918,15,4,57.056547308642216
673,14,8,1.2915576445006953,14,2,145.94601382857857
674,3,20,0.5658046659570166,13,2,35.07988928933503
675,12,10,1.0729053667044917,12,0,143.76931913840187
676,10,15,1.1753400482151912,15,3,192.75576790729136
677,6,8,0.9776166753991538,21,2,69.01973728318025
678,8,20,0.9937560019108923,10,1,194.77617637453488
679,4,30,1.2577492335651124,16,1,162.2496511298995
680,8,10,0.9374696112381589,21,3,103.12165723619748
681,8,15,0.7611609457050577,12,1,91.33931348460692
682,5,8,0.5576158185545047,20,4,27.880790927725236
683,10,20,0.786464909631998,19,1,188.7515783116795
684,11,20,0.9174202662446587,20,4,246.78605161981318
685,5,8,0.9167606326190397,14,0,50.421834794047186
686,6,8,1.4750229887261668,11,4,101.18657702661503
687,6,30,1.163772561148949,15,6,233.9182847909387
688,11,15,1.238838091839745,21,2,263.8725135618657
689,4,30,1.247809917518269,19,4,190.91491738029518
690,8,10,0.9531046887898312,20,1,91.4980501238238
691,10,30,1.1190760864435971,9,6,459.9402715283184
692,11,10,1.2267223559996427,21,3,165.60751805995176
693,3,8,1.2999477394782795,16,5,51.21794093544421
694,2,10,1.228764084167259,15,3,24.575281683345178
695,7,20,0.8687004130273899,12,4,134.64856401924544
696,13,8,1.2668867643258626,12,1,136.82377054719316
697,9,8,0.9372916786491187,15,6,79.85725102090491
698,5,20,0.5906385182927171,12,5,68.51406812195518
699,7,8,0.992651750742886,11,4,84.5739291632939
700,1,20,0.5640012107159758,13,0,19.74004237505915
701,8,8,0.7454869240924716,11,3,66.94472578350396
702,3,15,0.5372853208859597,11,4,30.625263290499703
703,4,15,0.8461997403353007,10,2,64.31118026548285
704,14,30,0.6901211208494725,11,3,357.4827406000268
705,11,30,1.1608942398333295,9,5,525.4207329485649
706,3,15,1.22693541910694,16,0,63.80064179356088
707,2,20,0.604630462210788,13,2,24.789848950642305
708,10,30,0.5797060220928335,18,3,176.81033673831422
709,10,10,0.9826723555492994,20,4,131.67809564360613
710,9,30,0.807031847626923,18,6,243.72361798333077
711,4,20,1.148184212900572,17,3,91.85473703204576
712,2,8,1.2059547351559727,14,1,41.002460995303075
713,11,10,1.1799319316066184,21,0,172.2700620145663
714,9,15,0.838118921176234,9,6,160.24833772889593
715,9,8,0.508530718696238,9,1,46.98823840753239
716,1,20,0.9687509806033403,16,0,23.250023534480167
717,1,10,0.849979140009116,20,6,24.819390888266188
718,5,10,0.7687763502427177,16,3,50.73923911601937
719,1,20,1.0180084115018426,9,3,42.75635328307739
720,11,20,1.1859284337386762,21,6,355.06697306135965
721,7,15,0.6684412589226524,17,5,89.90534932509675
722,9,8,1.431215409439313,17,4,124.51574062122023
723,1,15,1.3087517142014211,9,1,45.80630999704974
724,4,20,1.1129888598084654,13,6,103.50796396218728
725,11,8,0.6314251682817886,21,5,76.50347338902151
726,4,10,1.1891412655474327,14,6,68.9701934017511
727,6,8,1.113556479225024,19,6,87.25828571207289
728,7,8,1.307278543829356,12,0,81.05126971742007
729,8,30,0.6077547232535848,13,6,166.52479417148223
730,6,10,1.1347343048898368,12,0,71.48826120805973
731,13,8,1.0130159112527484,21,6,149.19698340930478
732,3,10,0.6158637734595356,21,4,28.94559735259817
733,9,15,0.9824211360467735,9,3,168.97643540004503
734,10,10,1.426812468749548,20,2,192.619683281189
735,8,8,1.1806519380698282,21,2,94.21602465797228
736,11,8,1.156080791967406,19,6,147.00723350657535
737,5,20,0.7549558249007681,17,4,79.27036161458065
738,7,15,1.4272131128007868,14,5,180.54245876929951
739,13,15,0.6560059737559877,14,0,135.79323656748946
740,12,15,0.8705030733330064,17,3,158.43155934660714
741,14,15,1.199848789981826,15,5,299.9621974954565
742,12,15,0.5593523832571008,21,6,138.49565009445814
743,3,10,0.986899271184498,18,1,36.515273033826425
744,8,8,0.7196927042438765,17,6,62.90114235091482
745,1,30,1.212463116167494,20,6,62.56309679424269
746,4,30,1.0142742591868705,20,2,152.14113887803057
747,8,15,1.1353092663646431,17,3,153.2667509592268
748,10,15,1.481086112043442,20,3,271.0387585039499
749,11,8,1.2890711561977926,18,0,122.46175983879029
750,3,10,0.988658355530469,14,4,43.50096764334064
751,13,15,0.7138405142596039,21,0,167.03868033674732
752,8,8,1.3962886837922768,20,6,124.93991142573293
753,14,10,0.9842041220918926,10,5,191.72296298350068
754,2,20,1.1384965705637604,11,1,67.17129766326187
755,3,8,0.836890614544618,21,6,36.55538204330892
756,2,30,1.0809264206660547,12,5,72.42207018462567
757,5,15,1.2404745916710502,13,5,114.74389972957215
758,10,8,0.5978701981875395,12,3,52.61257744050348
759,12,15,0.7129483638919756,16,6,154.7097949645587
760,8,20,0.8473623902166035,17,4,144.0516063368226
761,5,15,1.1612797179546308,10,5,123.09565010319086
762,12,15,0.7431742510961212,20,2,164.24150949224278
763,11,15,0.8645279076610809,17,1,152.15691174835024
764,4,30,1.1214848789381187,15,1,148.03600401983167
765,8,8,1.0105867472344245,17,3,83.87870002045723
766,2,8,1.3063217487554832,21,2,25.08137757610528
767,12,15,1.0705264649119037,13,0,205.54108126308552
768,13,10,1.4508516051126366,10,3,235.0379600282471
769,2,15,1.2829506423761878,16,6,53.88392697979989
770,14,8,0.5191735212153761,21,1,71.85361533620805
771,12,30,1.368223135831346,18,2,504.87433712176664
772,3,8,1.134964911047045,19,5,54.1151269587231
773,12,15,1.1526039387448868,12,3,213.23172866780405
774,9,30,1.482947294189553,18,5,447.85008284524497
775,4,15,1.0882127085448348,19,1,96.8509310604903
776,14,20,0.8006342075810524,16,6,257.8042148410989
777,13,10,0.9240837275756882,12,2,120.13088458483948
778,4,30,1.281166114541516,18,2,171.67625934856315
779,3,15,1.3484147585622943,15,0,60.678664135303244
780,2,20,0.7712040612936701,15,0,42.41622337115186
781,8,8,0.605075614837634,21,0,51.31041213823136
782,3,15,1.3287808327556019,11,2,93.01465829289214
783,2,15,0.6768795147263315,19,6,38.31138053351036
784,1,8,1.1576358205480703,16,1,25.46798805205755
785,9,8,0.5026302726874363,21,0,45.437776650944244
786,5,10,1.007710468495758,11,6,67.5166013892158
787,8,15,1.4280179655909953,14,6,189.92638942360236
788,7,20,0.8913424775634777,20,6,171.85082967423853
789,6,8,1.1483491662863623,10,3,87.96354613753535
790,3,30,0.5177778030086275,16,3,47.63555787679373
791,11,15,1.1252396736009005,17,1,190.16550483855218
792,4,15,0.7585406764527967,14,1,45.5124405871678
793,8,30,0.5683337706571454,14,2,146.63011282954352
794,14,8,1.3624769582758414,19,5,212.32840917770713
795,8,30,1.0930482395596262,16,3,265.6107222129892
796,2,8,0.6499075874632876,11,1,13.12813326675841
797,3,10,1.1900354718058765,21,3,49.981489815846814
798,6,10,0.519750882135294,19,3,42.099821452958814
799,7,8,0.5157773649637635,9,4,43.42845412994889
800,5,30,1.3549526422511717,15,3,214.08251747568514
801,13,10,1.0423535004533477,16,4,137.5906620598419
802,10,20,1.3074501355137818,13,6,309.86568211676627
803,2,20,1.258176665906837,13,0,70.45789329078286
804,14,30,0.817250322249693,14,6,392.2801546798526
805,8,30,0.8877645971451072,15,0,223.71667848056703
806,7,20,0.8895652638491625,17,6,137.8826158966202
807,3,8,1.0098738793021305,9,5,43.10141716861493
808,4,10,0.66164805053178,19,1,43.0071232845657
809,10,10,0.6665548522931216,20,4,81.31969197976083
810,5,30,0.6028746857811877,18,5,100.07719783967717
811,7,8,0.9322362757237761,18,3,67.12101185211188
812,12,8,0.9954682149128644,14,0,98.55135327637358
813,4,30,1.0894055536397815,13,0,140.53331641953181
814,10,30,0.9903118873784332,12,3,305.01606131255744
815,1,15,0.8634682958257789,12,4,28.494453762250703
816,12,30,1.1018564620849864,12,2,409.89060389561496
817,4,8,0.8068099307514889,9,5,45.374990505463735
818,1,30,0.6157800276802387,9,6,33.00580948366079
819,8,15,1.0384629170007122,16,1,131.88479045909045
820,2,30,1.3025394961549117,18,2,87.27014624237908
821,14,8,0.7183071233726127,16,6,88.49543759950589
822,14,8,0.8171477536938007,13,4,99.69202595064368
823,10,15,1.4296196639194736,14,6,248.7538215219884
824,9,8,1.4251067751582256,9,3,135.95518635009472
825,3,30,1.3524122578743425,20,0,146.06052385042898
826,1,8,1.2755482462135437,13,0,10.20438596970835
827,6,20,1.1920662981348444,13,4,157.35275135379948
828,4,15,0.6464178328281039,9,2,53.652680124732626
829,8,8,0.9443507816538169,16,4,67.048905497421
830,5,20,1.0393847032495973,14,6,122.64739498345249
831,9,10,0.957350658744712,11,2,108.18062443815246
832,4,30,0.8065980395414032,9,4,125.8292941684589
833,4,15,1.2071585535730156,13,0,89.32973296440315
834,12,15,0.8006596724815166,10,3,181.74974565330427
835,2,10,0.7301828349717154,17,2,18.254570874292884
836,7,15,0.9711483281121535,16,4,118.48009602968273
837,6,20,1.1292361631507601,13,2,145.67146504644805
838,13,30,0.9132176721745624,16,0,357.0681098202539
839,4,15,0.5646641140875843,16,4,38.397159757955734
840,9,30,0.6851029307759604,10,3,227.45417301761884
841,10,8,1.4596932330857397,11,0,148.88870977474545
842,1,10,0.7624489857194794,11,6,19.21371444013088
843,7,15,1.3231681945910496,13,4,138.9326604320602
844,2,15,0.8407537893150742,18,4,27.744875047397446
845,8,30,0.5194825367315515,21,3,153.76683087253926
846,12,8,0.5288974523408155,9,1,61.98678141434358
847,13,10,0.9508335944974371,20,1,149.2808743360976
848,2,20,0.6242457548584818,13,6,35.58200802693346
849,10,20,1.0988042226316383,18,2,231.8476909752757
850,6,30,0.6506257098896433,16,0,124.26951058892188
851,1,8,1.47213785928522,14,0,14.721378592852199
852,2,10,0.9375507326211662,9,1,22.501217582907987
853,6,15,1.1816009972503903,10,6,149.8270064513495
854,10,15,1.027799143132634,18,6,188.08724319327203
855,11,8,0.7368339671162709,12,3,75.8938986129759
856,3,30,1.0671882135189583,9,3,132.33133847635082
857,13,15,0.9508281020796844,11,5,256.15309070026694
858,11,30,0.6045881468747922,13,0,205.55996993742937
859,3,15,1.3583192635047474,15,5,82.17831544203722
860,9,30,0.7973266616744525,9,0,265.5097783375927
861,13,8,0.5212979950190303,16,1,58.38537544213139
862,4,10,0.9622966697508831,19,6,66.20601087886075
863,5,20,0.8277452674025612,13,5,100.1571773557099
864,14,8,1.3266177760446314,13,3,171.13369310975744
865,9,20,1.197295083105696,9,4,262.20762320014745
866,2,20,0.645875511279058,14,3,37.46077965418536
867,14,30,1.1470466279068912,17,2,498.96528313949767
868,7,15,1.18402067529943,16,4,136.16237765943444
869,5,10,0.9541102182733567,12,0,50.56784156848791
870,5,10,0.977719508360444,11,6,69.41808509359151
871,3,8,0.9696947761051308,18,3,27.15145373094366
872,3,10,0.7195520148551443,10,5,32.811571877394584
873,1,20,0.7428483280123038,12,2,20.799753184344507
874,6,20,0.9857479405571526,20,1,159.69116637025874
875,11,30,1.4784062177533492,11,5,655.8209981953858
876,13,20,0.5739641807653721,16,5,171.61529004884628
877,8,10,0.7247150563555015,14,1,71.02207552283915
878,12,10,1.0067730557999033,13,5,150.0091853141856
879,9,8,0.841813512336108,18,3,60.610572888199776
880,11,8,0.9852974222104768,16,5,97.3473853143951
881,3,10,0.7311712479885303,14,1,21.935137439655907
882,1,30,1.1792567600697281,17,1,42.453243362510214
883,2,8,0.9760307051566284,10,1,33.38025011635669
884,2,8,1.014400829466814,14,1,17.24481410093584
885,5,8,1.16141696885514,13,4,47.61809572306073
886,7,10,1.1076747990735407,18,0,80.86026033236847
887,10,15,1.1322002452223046,14,6,187.94524070690255
888,6,30,0.6866822082605593,19,5,176.20265463965953
889,8,30,1.2995831151897104,10,4,378.1786865202057
890,8,20,1.053555972710393,18,3,176.997403415346
891,2,30,0.5783706412401576,19,0,41.642686169291345
892,7,15,0.6224548966274949,21,4,78.42931697506435
893,5,30,1.484718822398245,21,6,311.79095270363143
894,5,10,1.3518729800404987,12,2,83.81612476251092
895,14,20,1.1406794470072388,11,6,438.70531531898405
896,11,30,0.8032470075402964,19,1,320.49555600857826
897,8,30,0.8311044876205944,9,3,254.3179732119019
898,12,30,0.9091687849950062,16,3,331.8466065231773
899,2,10,0.8118209228445085,13,1,30.849195068091323
900,7,20,1.1321614085120486,18,4,175.48501831936753
901,10,8,0.5615678647843926,21,0,62.33403299106757
902,9,10,0.5456278816593062,20,3,62.20157850916091
903,4,20,0.9498223257075177,10,6,110.74928317749655
904,12,30,1.109195929075378,19,5,547.0554322199764
905,3,15,1.0618188336467416,21,6,65.19567638590993
906,8,15,0.5288054955110888,20,4,79.8496298221744
907,9,20,1.2612842960042174,21,4,291.35667237697425
908,8,30,1.4998506207240658,15,0,382.46190828463676
909,7,20,0.7579843994183223,17,2,111.42370671449338
910,12,10,0.902018995653809,15,5,119.06650742630279
911,8,20,1.154698939500492,11,5,253.11000753850786
912,14,10,1.3210404615212759,20,2,227.21895938165946
913,3,10,0.5207848931993933,15,0,18.227471261978764
914,4,8,1.3607826782453798,15,5,50.621115630728134
915,12,8,0.5960635734182003,20,2,79.39566797930426
916,8,8,0.7564855133097811,20,6,73.74220783743746
917,14,20,1.4533438587284366,10,5,545.8759533384008
918,4,10,1.1000843512551999,16,1,47.3036271039736
919,13,20,1.4628522457508657,9,2,466.64986639452616
920,10,10,0.9742148432645084,10,2,122.75107025132806
921,3,30,1.3070847245917427,20,1,149.00765860345868
922,13,30,0.6585787587291367,16,1,268.7001335614878
923,7,10,1.0618749632900244,16,3,79.64062224675183
924,10,15,0.551517061858253,16,6,94.86093463961951
925,9,15,1.3542945548402492,10,2,226.1671906583216
926,3,20,0.5746489026934499,12,6,48.27050782624979
927,2,8,0.7957425848683235,21,4,16.869742799208456
928,7,30,1.2380608937441333,14,6,295.89655360484784
929,14,30,0.5179945269971221,15,2,220.1476739737769
930,4,10,0.7248207689896805,19,4,43.48924613938083
931,2,10,0.5732266188736798,16,2,12.037758996347275
932,13,8,1.0530954670987995,11,1,133.53250522812777
933,7,30,1.0476094367459639,16,0,233.61690439434994
934,14,15,0.6473297023729149,15,3,137.88122660543087
935,8,15,0.5700382300345356,19,1,82.65554335500765
936,12,30,1.4918652512151103,17,1,563.9250649593117
937,12,15,1.324353102065502,19,3,300.62815416886895
938,8,20,1.1919340752381067,16,5,214.5481335428592
939,13,8,0.8945561791953336,17,1,110.03041004102603
940,6,15,1.192505898202661,11,6,152.40225379030008
941,7,8,0.8182046450693843,13,5,61.03806652217606
942,8,15,0.8705357353552557,17,2,116.65178853760428
943,12,8,1.3782085944500668,11,2,182.1991761862988
944,5,8,0.6884825391586693,20,3,35.80109203625081
945,10,15,0.6966379649805396,18,5,117.03517811673066
946,11,10,0.820258083237999,10,4,116.47664781979586
947,1,20,0.8522515703869518,11,4,21.306289259673793
948,8,10,0.5389393134056395,18,6,56.049688594186506
949,1,10,0.9275052620044298,17,3,19.477610502093025
950,7,8,1.2793953564595215,12,4,88.27827959570699
951,4,30,1.0616509287657159,12,2,140.1379225970745
952,13,30,1.36737514960693,10,3,657.7074469609333
953,9,20,0.590815731453777,15,3,110.4825417818563
954,4,30,1.4043019954626161,19,3,226.09262126948119
955,2,20,1.4474886316848268,9,3,92.63927242782891
956,1,15,1.3046631422031751,13,4,28.702589128469853
957,5,30,1.276476067989627,21,2,248.91283325797727
958,1,30,1.4696230773502479,10,0,54.37605386195917
959,11,15,0.5342668598597426,15,3,92.96243361559522
960,11,8,1.4503840018904566,12,5,163.6033154132435
961,5,30,1.1793420951997402,20,6,244.12381370634623
962,12,15,1.1804268642268332,16,1,214.83768928928365
963,12,10,0.714825152239625,15,3,90.06796918219274
964,14,20,1.2777447932586474,13,0,359.04628690567995
965,2,8,1.0123556503743292,17,5,17.817459446588195
966,12,8,0.5949307485973472,13,6,64.6094792976719
967,14,10,1.224147730476678,15,6,200.76022779817518
968,8,15,1.4398405992076726,16,1,182.8597560993744
969,7,15,1.1507920268120646,18,6,134.06727112360554
970,9,8,0.7748860003229111,11,4,77.02366843209737
971,3,10,0.8936312485400357,12,2,43.78793117846175
972,13,20,0.6471655845856015,21,6,226.63738772187762
973,11,8,1.074393875995141,9,4,113.45599330508689
974,10,15,1.1495132020033616,20,1,214.95896877462863
975,3,10,0.9594658267947365,18,4,31.662372284226304
976,1,15,0.5521809714008121,10,3,16.01324817062355
977,2,30,1.388715194502812,17,2,87.48905725367716
978,2,10,0.8045181334270973,16,3,20.11295333567743
979,1,8,1.0898855961064786,12,0,20.707826326023095
980,12,10,1.1301414599846216,15,0,153.69923855790853
981,14,20,1.2548158666811071,20,1,444.20481680511193
982,10,8,0.5743978003515692,17,2,49.39821083023495
983,2,30,0.6664306819443389,18,0,52.64802387360277
984,6,20,1.2989315963864434,21,4,194.83973945796652
985,2,8,0.7778215764020132,21,2,19.60110372533073
986,1,30,1.2005421737479773,13,3,52.823855644911006
987,9,15,1.07322299347307,14,2,157.7637800405413
988,12,30,1.3651672882680643,16,6,546.0669153072257
989,2,8,1.206347480302627,13,0,20.50790716514466
990,13,30,0.5774948927904562,16,3,233.3079366873443
991,8,15,1.2092396177958566,11,1,178.96746343378678
992,14,15,1.1429343607053575,14,6,269.7325091264644
993,4,10,1.0624178924964116,19,2,64.8074914422811
994,14,8,0.6482217060192006,19,2,87.12099728898056
995,11,30,1.1387370462426358,20,3,454.3560814508117
996,11,8,0.9921885491428365,13,2,98.22666636514082
997,9,30,0.5220515592784262,17,1,149.82879751290832
998,9,30,0.7710217776005192,19,2,256.7502519409729
999,11,20,1.4841677568203118,21,1,418.53530742332794
1000,10,8,1.4249931978957293,12,0,122.54941501903272
1001,6,10,0.7498139499634254,13,3,57.73567414718376
1002,1,30,0.6980278033966728,11,4,30.01519554605693
1003,2,30,0.7783274030991416,11,2,65.37950186032789
1004,14,15,1.2452972358654524,9,3,320.04138961742126
1005,4,10,1.4424325844485115,14,2,63.46703371573451
1006,13,15,1.2819643893707826,18,5,287.8010054137407
1007,13,8,0.9981664108241134,12,4,106.80380595818013
1008,12,15,1.4677500366597016,15,5,305.29200762521793
1009,3,20,0.8551385867158905,15,5,68.41108693727124
1010,13,30,0.6230393227401876,18,6,269.7760267465012
1011,7,30,1.373883941481185,18,3,303.6283510673419
1012,1,8,0.7162583518152771,19,6,10.428721602430434
1013,8,15,0.7747659074039792,21,0,119.3139497402128
1014,10,30,1.2212577937251803,12,5,410.34261869166056
1015,8,30,0.8007985231117998,21,0,238.63795988731633
1016,8,20,1.4562168297023805,9,1,295.61201642958326
1017,14,15,1.1470096812838058,21,1,292.48746872737047
1018,6,8,1.0828880241096237,13,0,72.55349761534478
1019,2,15,1.4172074802785393,10,5,58.955831179587236
1020,13,15,0.5263648745187011,9,5,138.64450794822585
1021,6,20,1.1955468686083148,14,5,176.9409365540306
1022,12,30,1.2843309895850683,20,2,563.821304427845
1023,2,10,1.1826517605950126,21,2,48.48872218439552
1024,6,30,0.5104444337857648,15,1,98.5157757206526
1025,8,10,0.7674047040036974,10,3,82.87970803239932
1026,2,15,1.1289253894444964,10,2,56.44626947222482
1027,6,15,0.5257405178724132,9,6,70.34408129132889
1028,14,8,0.6963590030619492,10,4,104.73239406051717
1029,3,15,0.7575360912690191,12,2,34.84666019837488
1030,14,30,1.3329009975071502,12,4,567.815824938046
1031,3,10,1.3914805059723354,14,3,59.83366175681042
1032,7,30,1.0287529345434292,20,3,264.3895041776613
1033,2,10,0.58809401214961,17,3,14.70235030374025
1034,2,15,0.7252932119881036,15,3,27.561142055547936
1035,7,15,0.9753071376160863,15,4,108.25909227538558
1036,2,30,1.081560873647672,16,0,81.1170655235754
1037,7,20,1.4671371705942093,21,0,259.68327919517503
1038,8,8,1.097512952809534,17,5,90.4350673115056
1039,2,20,0.5272386574326325,20,5,37.855735603663014
1040,9,10,0.9644446895730697,10,5,128.07825477530366
1041,10,20,0.8351099254353527,10,1,204.6019317316614
1042,4,15,0.5893149533195569,15,4,36.53752710581252
1043,13,10,0.9301223485130558,17,5,145.0990863680367
1044,7,10,0.7535836123272803,14,2,66.31535788480068
1045,4,10,0.8373556067805423,21,1,51.91604762039363
1046,6,30,1.0423767548989162,21,6,260.1772380227695
1047,4,20,1.4515581416640084,14,3,143.70425602473682
1048,10,20,1.201326972712835,10,4,291.92245436921894
1049,2,8,1.1135481185663632,16,0,30.065799201291806
1050,2,20,1.317900802343054,17,3,72.48454412886798
1051,6,30,0.8923455788014215,20,1,205.23948312432694
1052,2,20,0.5393349122940496,14,6,33.97809947452512
1053,5,30,1.016626490345304,14,2,152.4939735517956
1054,10,20,0.8793115900609799,13,1,182.89681073268383
1055,11,15,1.4143435570013192,12,3,257.4105273742401
1056,2,20,0.9832781387231598,14,0,47.19735065871167
1057,14,20,0.7778821908795001,14,0,227.9194819276935
1058,13,30,1.26817445764723,17,3,494.58803848241973
1059,14,20,1.4035080833680031,15,3,401.4033118432489
1060,2,15,1.1787456479615999,18,5,38.898606382732794
1061,11,15,1.494265956415576,13,1,274.94493598046597
1062,4,20,0.8162020880706143,18,4,80.80400671899082
1063,7,8,0.6533818425173498,18,6,52.009194664381035
1064,14,30,1.297391171057651,21,3,677.2381912920938
1065,3,30,0.8624577422551726,14,3,84.52085874100692
1066,13,8,1.2784502373977193,20,6,195.96085238832242
1067,6,10,1.4815844315055688,10,6,133.6389157218023
1068,5,10,1.260387668224185,12,5,78.14403542989947
1069,10,10,0.5103040831363845,14,2,59.70557772695699
1070,8,8,0.7200440509765706,10,5,71.62998219114925
1071,2,8,1.1739878713792404,9,0,41.324373072549264
1072,3,20,0.7952732393286479,16,2,58.0549464709913
1073,8,30,1.1813111630942066,14,5,315.41008054615315
1074,6,20,1.2064768625275093,17,5,165.28733016626876
1075,1,30,0.8697422769543952,16,3,29.57123741644944
1076,4,15,1.0833778867225747,18,5,81.2533415041931
1077,13,8,0.7755186180592557,15,2,82.20497351428111
1078,9,10,0.6573791121236382,19,6,80.72615496878277
1079,11,10,1.4293467587040014,11,2,194.39115918374418
1080,14,8,0.8910865793611625,21,2,126.89072890102955
1081,1,20,0.8296275869300237,18,3,19.081434499390546
1082,13,8,1.234403807172213,21,2,173.8040560498476
1083,10,20,1.2927413722565038,11,4,334.82001541443447
1084,3,15,1.304995947646332,20,6,101.0066863478261
1085,6,8,1.0923662200441224,16,4,65.54197320264734
1086,10,15,1.0989938559605483,12,0,164.84907839408226
1087,13,30,1.0124212132039327,17,4,399.90637921555344
1088,4,20,1.0945528055231837,20,2,114.92804457993428
1089,2,20,0.6630048275796635,21,4,44.42132344783745
1090,1,15,1.3004079756013072,17,0,28.60897546322876
1091,8,30,0.8079678862558416,18,6,215.7274256303097
1092,13,10,0.7919753874980854,20,2,129.883963549686
1093,5,30,0.6850534332527963,18,2,112.3487630534586
1094,12,15,0.7211687058105046,14,1,138.46439151561688
1095,5,30,0.6906023735897306,18,6,118.09300588384394
1096,2,30,1.1075898439077125,11,6,96.58183438875254
1097,6,10,1.0343158547247502,19,0,92.05411107050277
1098,14,8,1.0795018343069294,15,6,134.07412782092064
1099,1,10,1.389233863318523,21,3,31.952378856326032
1100,12,10,0.5823934004963837,12,0,71.0519948605588
1101,4,15,1.3001686222689228,16,2,102.7133211592449
1102,12,10,0.767960419700606,21,4,123.64162757179757
1103,1,8,1.3176428392820696,17,1,18.446999749948976
1104,11,15,1.0933557300213201,12,3,193.52396421377367
1105,8,15,1.0321846094267961,19,1,153.79550680459263
1106,11,8,1.4871510709616516,19,2,185.2990234418218
1107,11,20,0.6759096532149299,13,5,167.62559399730262
1108,14,8,0.7595203890040595,14,6,98.13003425932447
1109,6,10,0.6872253765973998,9,6,56.489925956306266
1110,2,20,0.907512897888894,9,2,52.63574807755585
1111,11,30,0.7953784573007987,18,4,272.0194323968731
1112,9,30,1.2323636805071896,14,4,346.2941942225203
1113,14,8,0.8893156230154959,9,6,139.4802623137504
1114,5,30,1.368209053691377,18,1,231.2273300738427
1115,3,20,1.0089436184714524,12,2,73.65288414841602
1116,12,30,1.0707027145756647,16,2,402.5842206804499
1117,9,8,1.3506226429526085,9,1,119.39504163701059
1118,14,20,0.6930794915450545,20,1,243.27090153231416
1119,4,8,1.3568418593760212,18,1,52.91683251566483
1120,7,10,1.4596989115622543,10,4,122.61470857122936
1121,1,15,0.6463056001128579,15,2,17.450251203047163
1122,10,8,1.1029126641025078,21,5,131.90835462665993
1123,6,8,0.7837033072194046,10,6,62.97839776815135
1124,7,10,0.5434761242866932,21,6,55.65195512695739
1125,9,8,0.6325816896437959,14,6,55.161123336939006
1126,5,30,1.1769423825468577,19,2,227.14987983154353
1127,6,8,0.6947869511333878,16,4,40.297643165736496
1128,4,15,0.795897203946897,13,2,50.93742105260141
1129,8,15,0.9738037057988922,20,0,142.17534104663827
1130,5,10,0.7088216306531188,18,2,42.52929783918712
1131,3,10,0.7168668022938102,11,4,29.391538894046217
1132,12,30,0.8036190549781116,13,1,296.5354312869232
1133,5,10,0.617913581913207,18,0,34.60316058713959
1134,1,15,0.6475154308105013,15,3,20.720493785936043
1135,6,30,1.4552623933128936,19,4,321.6129889221495
1136,3,8,0.7250964994525999,16,2,23.928184481935798
1137,1,15,0.5205883177362556,19,1,9.891178036988856
1138,3,8,0.957735934907694,16,2,32.5630217868616
1139,1,10,0.7353727635547193,13,1,11.765964216875508
1140,6,30,1.260580473408015,14,5,263.46131894227517
1141,7,20,0.5556065634911306,21,2,93.34190266650994
1142,9,15,1.2042709296865506,14,1,179.43636852329604
1143,3,20,0.7861559118566219,17,5,52.67244609439367
1144,5,8,0.609142078526584,10,6,38.25412253146947
1145,7,10,0.5355057035383327,16,2,40.16292776537495
1146,5,8,1.040891434902921,17,1,58.28992035456358
1147,12,20,1.2004632570209597,19,3,349.3348077930993
1148,4,20,0.7352545668414637,14,2,68.37867471625613
1149,9,15,0.8618776614500337,21,1,141.34793647780555
1150,11,8,1.348188130701824,20,4,150.45779538632354
1151,8,20,0.564438184897085,10,0,116.27426608879951
1152,7,8,1.3113409397997688,19,3,106.48088431174124
1153,13,15,1.3181795177430868,18,6,305.1585583575246
1154,1,10,1.4966129662887682,14,2,16.46274262917645
1155,10,20,0.889821702859014,17,2,187.75237930325196
1156,13,8,0.6117966707606396,10,1,84.91737790157678
1157,9,15,0.5096652631023555,21,1,89.19142104291221
1158,11,30,1.434777236524133,17,2,493.5633693643017
1159,14,15,1.1141593581207503,11,0,299.70886733448185
1160,12,10,0.6545159823894697,9,1,98.17739735842046
1161,6,30,1.0929851591415405,11,2,251.3865866025543
1162,1,8,0.5128352091446173,14,0,4.102681673156939
1163,12,20,1.2401251018429984,11,0,369.5572803492135
1164,3,30,1.0467738332574008,17,1,100.49028799271048
1165,3,30,0.8449142598932146,12,4,77.73211191017575
1166,13,15,1.1165645355254754,9,1,270.2086175971651
1167,12,8,0.7252214329224073,19,2,86.44639480435094
1168,9,8,1.4128303560511464,17,3,125.74190168855203
1169,1,20,0.6618795626941918,9,0,23.827664256990904
1170,6,30,1.4555023897357167,16,3,279.4564588292576
1171,14,10,1.2794517983200893,13,3,184.24105895809285
1172,6,20,1.3682530813474296,21,2,216.18398685289387
1173,14,20,1.2680735183676903,10,5,472.4841929438015
1174,12,30,1.0811882055005255,13,0,409.77032988469915
1175,14,8,1.4898152258795005,12,1,183.24727278317857
1176,13,15,1.1813132204354364,11,5,311.15790226269394
1177,1,30,1.0718179923482318,20,4,51.44726363271513
1178,3,10,0.920567004990487,10,2,46.94891725451484
1179,8,8,1.3706253965343795,21,3,124.45278600532166
1180,2,10,0.9262076900998132,18,4,25.933815322794768
1181,14,8,1.4684471618778048,13,2,179.15055374909218
1182,9,8,0.8499730848164252,13,6,67.31786831746088
1183,11,20,1.4009467723749298,19,6,422.24535719380384
1184,2,10,0.6573127151578271,12,0,16.432817878945677
1185,3,10,1.349088587887365,13,3,66.10534080648088
1186,11,15,0.6516740472957492,19,4,138.80657207399457
1187,1,15,0.5156239107383785,10,4,11.343726036244329
1188,8,30,1.274200639165723,21,1,369.51818535805967
1189,7,10,1.4908231000503334,13,5,141.62819450478167
1190,4,20,0.900891808396954,9,3,102.70166615725276
1191,10,15,0.5329916973058967,15,6,89.54260514739065
1192,12,30,0.5790926155887228,19,4,252.48438039668315
1193,2,20,1.4870112463355059,14,3,78.8115960557818
1194,12,30,0.9052454026073415,13,3,343.08800758818245
1195,9,10,1.1720249018595266,9,3,134.78286371384556
1196,8,15,0.7290396847943046,21,1,104.98171461037987
1197,7,20,1.1574286612977989,16,3,171.29944187207423
1198,7,20,0.7568289846228405,9,2,132.44507230899708
1199,8,30,0.9935452849146738,18,4,253.35404765324182
1200,13,15,0.8433330432769627,15,3,167.82327561211557
1201,10,15,1.4345004105639445,18,6,258.21007390151
1202,6,10,1.19456313468717,17,4,71.6737880812302
1203,10,20,0.8523715524133079,13,5,201.15968636954065
1204,9,10,0.8973352915911522,12,1,83.45218211797716
1205,1,15,1.353756667804526,9,0,46.027726705353885
1206,12,10,1.2597312239061589,21,3,197.77780215326695
1207,10,30,1.483652190315777,20,2,557.8532235587322
1208,6,30,1.4122274290072134,9,2,319.1633989556302
1209,12,15,0.6374390917061546,21,0,141.51147835876634
1210,6,15,0.9499193319263782,21,3,103.54120717997523
1211,10,30,0.6445682063686446,20,4,234.62282711818665
1212,13,30,0.7730427292141617,21,5,402.6006533747354
1213,9,8,1.003949580651612,12,4,80.31596645212898
1214,7,15,1.4275153494322814,13,6,190.57329914920956
1215,8,20,1.372745260105873,20,3,285.5310141020216
1216,10,8,1.4880724894724575,17,5,133.9265240525212
1217,14,10,0.6853869767610944,16,0,108.29114232825292
1218,10,8,0.5111378973398096,18,2,48.558100247281914
1219,5,8,1.3902610415754908,20,0,93.14748978555788
1220,2,20,0.9386960749345161,21,5,58.011417430953095
1221,2,20,1.0333556638504136,16,1,57.86791717562316
1222,12,8,0.9445150146636697,17,5,106.3523906511292
1223,3,30,0.6141494906628072,20,3,67.5564439729088
1224,7,30,1.3680625507933342,10,0,365.2727010618202
1225,9,30,1.10553860363752,11,0,365.93327780401916
1226,10,30,1.0970817338331091,20,0,402.62899631675106
1227,4,8,0.8720230057191075,19,1,34.357706425332836
1228,6,30,1.0856193155030072,10,5,259.0287686790175
1229,7,8,1.32232333187712,20,1,91.5047745658967
1230,9,30,1.3709391013279042,15,3,385.23388747314107
1231,3,8,1.0990977046440715,17,1,39.567517367186575
1232,8,8,0.8949521787304919,13,2,62.646652511134434
1233,1,8,1.471707726654164,15,4,16.188784993195803
1234,1,10,0.6530634074540624,18,3,16.32658518635156
1235,1,30,1.0131438478923906,17,4,41.53889776358802
1236,5,20,0.9208840414795186,17,1,104.0598966871856
1237,14,10,0.890059409324806,15,4,140.62938667331935
1238,8,20,1.3287627598379452,10,4,275.05389128645464
1239,2,30,1.3050128737246427,16,0,79.6057852972032
1240,1,30,0.7494099979621022,11,2,38.21990989606721
1241,1,10,0.6336188513941847,19,4,17.107708987642987
1242,12,10,0.7705524014150728,13,1,104.02457419103482
1243,6,8,1.1167097752705604,11,1,85.53996878572492
1244,4,20,1.1308775556386208,21,6,129.59856787618594
1245,11,30,1.1528153524746116,9,3,476.1127405720146
1246,3,8,0.9586289011396811,14,0,27.800238133050755
1247,14,15,1.259392371565566,20,0,341.2953326942684
1248,9,8,0.7054023137033387,18,2,55.72678278256376
1249,2,8,1.4412631097072597,17,0,46.12041951063231
1250,6,10,0.5472995495069749,14,6,37.76366891598127
1251,10,8,0.72128606879546,14,4,59.145457641227715
1252,9,15,1.306211798663563,17,5,213.56562908149257
1253,10,20,1.395765302233539,18,5,316.8387236070134
1254,14,20,1.2423273965994746,14,1,350.3363258410518
1255,11,8,0.559525403585217,15,0,50.35728632266952
1256,11,20,1.197041334142178,16,2,269.33430018199005
1257,12,30,1.3569952318088172,21,5,667.9130530962998
1258,7,15,1.0377661337656117,9,2,139.06066192459195
1259,6,8,0.9414626126441048,21,1,70.2331109032502
1260,10,10,0.9351087145704836,11,5,133.72054618357916
1261,7,10,0.5883485826649556,9,5,62.01194061288632
1262,4,20,0.8101967959700438,20,6,95.27914320607715
1263,12,8,1.3656919345175562,14,1,135.20350151723807
1264,1,20,0.6828898151255975,13,6,19.80380463864233
1265,2,10,0.8630359815786083,18,4,32.79536729998711
1266,3,30,1.1278905076021672,18,0,103.76592669939939
1267,10,30,1.1527130707362203,18,5,383.85345255516137
1268,7,20,0.5688062438113695,9,2,95.55944896031006
1269,3,30,1.1284652080994784,16,3,113.97498601804732
1270,4,10,1.164807396272242,20,1,69.88844377633453
1271,9,20,0.6646026424612993,11,2,151.52940248117625
1272,12,15,0.923814210575957,20,4,213.40108264304607
1273,8,10,1.058029425155513,9,5,123.3662309731328
1274,7,10,1.4706112722272375,20,4,151.47296103940548
1275,4,30,0.9252051056433297,20,0,143.4067913747161
1276,11,20,0.8088749568397123,9,0,217.58736338988263
1277,6,30,1.1804228221427888,10,5,291.0922679404117
1278,7,30,0.82019503034625,20,6,234.73981768509674
1279,3,15,1.3537285653354045,13,4,77.16252822411806
1280,5,10,1.2006929290255057,16,1,81.6471191737344
1281,9,10,0.7562706652375922,15,0,78.65214918470959
1282,8,15,1.1713549521759612,18,4,155.79020863940283
1283,1,30,1.1197910893264396,12,6,41.43227030507826
1284,13,10,0.6712894235872208,18,3,91.96665103144925
1285,10,8,0.6212892768385262,17,3,50.945720700759146
1286,4,8,1.2697868851610439,16,2,41.90296721031445
1287,9,30,0.8520467936994023,11,3,284.5836290956004
1288,6,30,1.0789337480473422,14,5,226.57608708994186
1289,10,10,0.5010132341000827,19,0,63.6286807307105
1290,14,20,1.09904892073226,19,2,390.16236685995233
1291,11,10,1.3026760155615327,19,6,191.7539094906576
1292,7,15,1.3028808748911977,16,2,138.10537273846697
1293,11,30,0.9447309676444712,13,2,322.15325996676467
1294,1,8,1.128190664842334,17,5,31.36370048261689
1295,11,20,0.779163342072422,18,5,189.33669212359854
1296,3,15,0.5010359733350358,12,4,28.058014506762007
1297,13,15,0.8469451727999865,19,4,209.19545768159665
1298,6,8,0.9355881305511796,10,1,60.4389932336062
1299,1,10,0.6647013132184707,18,0,9.30581838505859
1300,11,15,0.9144143381587462,14,4,152.70719447251062
1301,3,30,0.8518394483815824,17,4,87.73946318330299
1302,10,15,0.6748400816877094,12,1,107.29957298834579
1303,3,30,0.90663485329614,12,1,93.38338988950242
1304,13,30,1.0146639916071154,9,3,483.994723996594
1305,3,20,1.4814818137028545,17,2,99.25928151809126
1306,13,30,1.153678957439358,20,5,606.6043958216144
1307,9,8,0.9423944790011237,21,1,96.50119464971507
1308,12,20,0.5657808609436671,12,0,145.9714621234661
1309,11,30,0.5186250802095145,11,0,209.52453240464385
1310,11,15,0.9199912311336823,18,0,165.59842160406282
1311,13,30,0.9337353355874558,10,3,446.32549041080387
1312,13,15,0.8501353818723558,14,5,182.35403941162033
1313,9,8,0.9097132283199068,19,6,91.91742458944339
1314,11,30,1.4464061623168392,17,6,533.7238738949136
1315,12,8,0.7365181688817637,9,2,87.79296573070623
1316,5,30,1.4508528543237618,14,0,245.19413238071573
1317,12,30,1.133867209489479,10,4,505.70477543230766
1318,8,8,1.1762399197115117,14,2,84.68927421922884
1319,10,8,1.4730479495055415,20,1,145.8317470010486
1320,10,20,0.5199949901053025,15,2,104.5189930111658
1321,8,15,1.2333106484343723,16,5,167.73024818707464
1322,6,8,0.6138080666889352,20,2,40.87961724148308
1323,8,20,1.0873849256755328,11,1,220.73913991213317
1324,3,20,1.084007156857707,20,2,87.80457970547427
1325,5,8,0.8298682198814794,17,1,36.51420167478509
1326,7,15,0.9075057414703087,9,1,117.06824064966982
1327,2,10,1.0762541430654329,18,6,25.83009943357039
1328,10,15,0.931346534354936,14,0,153.67217816856444
1329,13,20,0.9236570311956979,19,6,318.84640716875487
1330,13,20,1.499025028777688,21,5,517.4634399340579
1331,13,30,0.833250571071973,13,4,328.30072500235735
1332,12,30,1.4253100077716696,11,4,617.159233365133
1333,9,20,0.8243887901360761,21,2,183.838700200345
1334,10,30,0.5006858549636038,13,5,171.73524825251613
1335,14,15,1.389032296221393,12,2,311.14323435359205
1336,11,8,0.7154516339783124,12,6,79.272041044797
1337,10,30,0.5039692166813716,10,3,182.43685643865652
1338,6,15,0.6220496002432946,12,1,65.31520802554593
1339,9,10,0.6056676810104163,14,5,70.2574509972083
1340,10,15,1.2333648881768573,20,4,225.70577453636488
1341,6,30,0.6429900450809158,17,5,135.02790946699233
1342,2,10,0.5675826384041072,10,6,18.95726012269718
1343,10,8,0.8490218825067446,14,5,84.90218825067446
1344,8,20,0.8660464712995187,12,0,145.49580717831915
1345,13,20,1.2524036262766622,11,4,414.5456002975752
1346,11,30,0.670780953691293,17,5,243.49348618993935
1347,2,20,1.3989397580610592,19,2,90.93108427396885
1348,6,8,0.5235372056164976,16,0,25.129785869591885
1349,4,15,1.0489046500372399,9,2,88.10799060312814
1350,14,8,0.8672565939309594,9,2,132.16990491507823
1351,12,10,1.072224970840185,21,1,166.19487048022867
1352,5,30,0.6744219323724857,18,1,111.27961884146015
1353,13,10,0.6039214280688584,13,2,86.96468564191561
1354,1,8,0.7732476074710214,18,6,16.083550235397247
1355,14,30,1.2047974801110093,12,3,520.4725114079561
1356,6,8,0.912369519151731,20,2,59.85144045635355
1357,13,15,0.8286887603528881,11,1,196.39923620363447
1358,10,30,0.9383896992144098,12,0,289.0240273580382
1359,1,30,0.599186950859433,9,3,25.165851936096185
1360,3,30,0.8928366665464876,14,3,87.49799332155578
1361,8,8,0.5101502492195854,12,1,39.79171943912766
1362,1,10,1.4017076365525356,17,4,35.04269091381339
1363,8,8,0.5329661147870924,17,2,35.70872969073519
1364,8,10,0.8720706201273178,9,0,89.82327387311373
1365,8,15,0.7497691268251383,17,3,89.9722952190166
1366,3,30,1.274059504151595,15,6,141.42060496082703
1367,3,20,0.8897041728956195,21,4,79.18367138771013
1368,6,30,0.6317258201489109,11,3,139.6114062529093
1369,10,20,1.1619998618789076,9,6,318.3879621548207
1370,3,10,0.8945834444650191,9,6,47.94967262332503
1371,8,8,0.6912307064576924,13,0,55.98968722307308
1372,9,20,1.2839417594835858,12,0,246.51681782084847
1373,7,8,1.2518412487152006,14,5,88.37999215929315
1374,8,10,1.1875322989817012,11,5,142.02886295821145
1375,11,10,1.0931217657528336,18,4,122.42963776431736
1376,12,15,1.0855144282911757,15,2,195.39259709241162
1377,9,8,1.0840901924240778,17,1,91.06357616362253
1378,6,30,1.049323390368758,13,5,224.5552055389142
1379,10,8,1.0964418261120337,9,3,108.54774078509134
1380,9,15,1.4199146879112554,9,3,237.12575288117966
1381,1,20,1.2180900972451933,9,3,51.159784084298124
1382,2,10,1.4933941997723468,16,4,52.26879699203214
1383,11,15,1.2487896230300883,13,0,219.78697365329555
1384,7,15,0.6367273769603662,11,3,91.05201490533237
1385,12,8,1.4479631062361773,10,3,168.2533129446438
1386,8,8,0.5617994631883031,12,0,36.5169651072397
1387,5,15,1.0803072934353963,9,1,105.87011475666884
1388,11,30,1.0994075781967538,12,2,365.0033159613223
1389,6,8,0.993155628576574,13,1,62.568804600324164
1390,9,30,0.6979056897905559,13,1,198.20521590051789
1391,1,10,1.4924019730015154,19,1,28.355637487028794
1392,1,8,1.2610837685478997,21,2,22.195074326443038
1393,13,30,1.496448535189131,16,4,583.6149287237611
1394,9,10,0.7331312277022931,18,0,76.97877890874078
1395,2,8,1.4114462073074003,19,4,41.21422925337609
1396,2,8,0.705511709245944,18,6,24.410705139909663
1397,5,30,1.4024867614607275,18,2,218.7879347878735
1398,4,8,0.7909893048603519,20,1,39.86586096496173
1399,14,8,0.66182228287191,18,6,84.18379438130695
1400,2,20,0.8279295092924632,16,5,38.08475742745331
1401,9,30,0.9925931014188143,18,3,279.9112546001056
1402,3,30,1.4829933619064648,18,4,142.36736274302064
1403,1,10,1.469908053378617,13,3,20.57871274730064
1404,11,10,1.271086239620228,14,0,153.80143499404758
1405,9,8,1.1921475637192978,21,2,119.69161539741751
1406,4,15,0.7303812778816109,21,5,65.1500099870397
1407,12,10,0.7806942184832167,10,2,118.66552120944894
1408,13,8,1.2923156308613033,18,5,153.01017069397832
1409,13,8,1.4691575200174722,14,1,158.669012161887
1410,9,8,0.5917089952095036,12,0,53.253809568855324
1411,6,15,0.8132246901256776,14,1,73.19022211131097
1412,2,10,0.647329856673298,14,3,16.18324641683245
1413,12,30,1.2379747205819398,13,0,451.860773012408
1414,5,30,0.7071616615888189,20,1,139.31084733299733
1415,11,30,0.9855815570072828,11,4,402.1172752589714
1416,11,30,1.2021076105845019,15,4,417.13134087282214
1417,2,10,0.9025584488413616,13,3,25.271636567558126
1418,2,15,1.3306701361759514,20,5,72.65458943520694
1419,10,20,0.9546798145996988,14,4,190.93596291993975
1420,11,20,0.8704219822307901,11,4,240.2364670956981
1421,6,30,0.9781522366733977,21,4,215.1934920681475
1422,10,10,1.0897511028891413,13,5,137.30863896403181
1423,6,8,1.1887847013677184,17,1,71.3270820820631
1424,9,20,1.0808650441507859,12,4,194.55570794714146
1425,13,15,0.7162451063672161,10,1,169.03384510266298
1426,6,20,0.6591537480405094,16,2,88.98575598546877
1427,6,15,1.3296564850364088,15,6,138.2842744437865
1428,11,15,0.8667750015010997,9,6,193.9842453359461
1429,6,30,1.4598275979126072,19,6,362.91314084107415
1430,4,8,1.3883804544840528,12,0,58.31197908833022
1431,13,8,0.9086133602626512,19,5,131.09473561869532
1432,6,8,0.640821731999611,18,4,36.526838723977825
1433,6,10,1.0189975026338798,11,0,80.5008027080765
1434,14,10,0.971813442090275,14,2,151.6028969660829
1435,3,15,0.7720419644904022,11,6,57.43992215808593
1436,11,20,0.8621022945562803,11,3,241.38864247575847
1437,8,30,1.2999995845697323,19,0,376.99987952522235
1438,4,15,0.9901080742422698,10,4,79.20864593938158
1439,8,10,1.080655028112563,17,0,86.45240224900505
1440,14,30,1.2570464454002277,21,4,653.6641516081183
1441,4,20,1.4625098169894808,15,5,138.93843261400067
1442,6,15,0.7538027459423304,17,0,74.62647184829072
1443,6,10,0.6809717406209149,12,0,48.34899358408496
1444,1,30,1.0803682069948506,9,3,55.09877855673738
1445,12,30,1.372706659360886,10,4,603.9909301187898
1446,3,8,1.0208911481456733,10,1,40.631467696197795
1447,13,10,0.931225716332601,13,4,129.44037457023154
1448,4,20,1.05285294247327,10,4,116.86667661453296
1449,8,10,1.1989494247493848,10,2,129.48653787293355
1450,14,10,1.156937753769884,21,1,197.83635589465015
1451,11,20,1.2437537844875883,21,0,337.05727559613644
1452,12,20,0.9768724940859083,14,2,240.31063354513344
1453,7,8,0.8011570995263887,15,5,58.16400542561581
1454,3,30,0.6986744819930234,16,5,71.26479716328839
1455,7,15,1.0536451853533446,10,1,139.0811644666415
1456,5,30,1.4509853268834643,9,1,274.23622678097473
1457,3,20,1.2770480918869849,15,6,88.11631834020196
1458,12,30,0.9510669275888474,17,5,381.3778379631278
1459,1,30,0.6539095700054289,10,5,26.548728542220417
1460,4,8,1.0507304211314386,15,2,35.72483431846891
1461,7,10,1.3121596263718684,18,2,106.28492973612134
1462,8,8,0.8737129439805572,9,3,71.46971881760958
1463,5,20,0.9917213901540896,14,4,112.06451708741211
1464,10,30,0.5482741738255075,14,3,170.51326805973284
1465,9,15,1.0389659609147759,16,2,140.26040472349476
1466,6,15,1.4625294661147945,12,4,147.71547607759425
1467,3,20,1.38877114273709,16,0,83.32626856422539
1468,11,30,1.0794085175986992,11,5,473.42857581878945
1469,11,20,0.5355039205254405,9,4,143.51505070081805
1470,5,15,1.1352883761808599,19,1,110.1229724895434
1471,5,30,1.3193897123061342,14,4,217.69930253051214
1472,14,20,1.4543758421135382,18,3,433.40400094983437
1473,3,10,1.0628712309514992,21,3,48.89207662376896
1474,2,10,0.5857007908115343,12,4,19.32812609678063
1475,8,8,1.2377709811464823,21,4,101.24966625778225
1476,10,10,1.4846198951131597,21,3,197.45444605005025
1477,9,20,1.2372102149722797,15,3,233.83273062976085
1478,3,8,1.1189392300808292,12,6,35.13469182453804
1479,3,8,0.7645163320993904,21,4,22.018070364462446
1480,11,10,0.8840013498053033,18,5,121.10818492332655
1481,13,30,1.3323078781448605,20,3,639.5077815095331
1482,7,20,1.3139887085160242,15,2,189.2143740263075
1483,10,30,0.5178883850133302,9,5,208.7090191603721
1484,11,10,0.8754438632151247,17,6,108.55503903867546
1485,13,15,1.2855958627037019,12,4,259.69036426614775
1486,2,30,0.7323067191545295,18,4,50.52916362166253
1487,4,20,0.9641915702636081,14,2,88.70562446425195
1488,13,10,0.5359303792504495,16,2,73.95839233656203
1489,8,8,0.8327231126697621,9,5,84.50474147372746
1490,10,10,0.691701971278253,19,5,100.29678583534668
1491,9,8,0.7805816528925794,19,0,82.27330621487788
1492,13,8,1.2780150001387338,21,2,183.77855701994994
1493,12,8,1.145088841375538,13,0,125.95977255130919
1494,4,30,0.8627048298809169,17,4,103.52457958571003
1495,14,20,1.4335365825758857,12,4,418.5926821121586
1496,3,20,0.8783677965486071,19,0,64.12084914804832
1497,2,10,0.7491925665047947,9,1,27.720124960677403
1498,7,20,1.4852597886320191,20,3,249.5236444901792
1499,2,8,0.5927855579549101,14,3,14.226853390917842
